"Sample","taxid","Seqs_pr_taxon","Total_seqs","Prcnt_seqs"
"10","Epilobium canum",15363,69748,22.0264380340655
"10","Agastache pallidiflora",10216,69748,14.6470149681711
"10","Mertensia fusiformis",3888,69748,5.57435338647703
"10","Mertensia ciliata",3584,69748,5.13849859494179
"10","Erigeron grandiflorus",3523,69748,5.05104089006136
"10","Taraxacum officinale",2819,69748,4.04169295176923
"10","Pseudognaphalium attenuatum",2765,69748,3.96427137695705
"10","Cirsium parryi",2458,69748,3.52411538682113
"10","Lupinus sericeus",1864,69748,2.67247806388714
"10","Dasiphora fruticosa",1691,69748,2.42444227791478
"10","Lupinus argenteus",1603,69748,2.29827378562826
"10","Symphyotrichum foliaceum",1495,69748,2.1434306360039
"10","Cynoglossum pringlei",1168,69748,1.67459998853014
"10","Helianthella quinquenervis",1042,69748,1.49394964730171
"10","Delphinium nuttallianum",958,69748,1.37351608648277
"12","Epilobium canum",22638,59050,38.3370025402201
"12","Hydrophyllum fendleri",12368,59050,20.9449618966977
"12","Hydrophyllum canadense",2641,59050,4.47248094834886
"12","Pseudognaphalium attenuatum",1997,59050,3.38187976291279
"12","Cynoglossum pringlei",1826,59050,3.09229466553768
"12","Agastache pallidiflora",1373,59050,2.32514817950889
"12","Karpatiosorbus devoniensis",1301,59050,2.20321761219306
"12","Erigeron grandiflorus",1225,59050,2.07451312447079
"12","Erigeron ecuadoriensis",1207,59050,2.04403048264183
"12","Taraxacum officinale",1045,59050,1.7696867061812
"12","Cirsium parryi",967,59050,1.63759525825572
"12","Erigeron uniflorus",819,59050,1.38696020321761
"12","Mertensia ciliata",787,59050,1.33276883996613
"12","Symphyotrichum foliaceum",737,59050,1.24809483488569
"12","Lupinus sericeus",692,59050,1.17188823031329
"14","Hydrophyllum canadense",36918,65007,56.790807143846
"14","Hydrophyllum fendleri",11722,65007,18.0319042564647
"14","Lathyrus lanszwertii",3012,65007,4.63334717799622
"14","Symphyotrichum foliaceum",2178,65007,3.35040841755503
"14","Taraxacum officinale",1690,65007,2.5997200301506
"14","Mertensia fusiformis",1481,65007,2.27821619210239
"14","Mertensia ciliata",871,65007,1.33985570784685
"14","Hydrophyllum capitatum",796,65007,1.22448351715969
"14","Chamaenerion angustifolium",664,65007,1.02142846155029
"14","Lupinus argenteus",606,65007,0.932207300752227
"14","Nemophila menziesii",543,65007,0.835294660575015
"14","Erigeron grandiflorus",479,65007,0.736843724521975
"14","Lupinus sericeus",478,65007,0.735305428646146
"14","Taraxacum cucullatum",298,65007,0.45841217099697
"14","Cirsium parryi",283,65007,0.435337732859538
"15","Epilobium canum",27119,74377,36.4615405300026
"15","Taraxacum officinale",10455,74377,14.0567648601046
"15","Pseudognaphalium attenuatum",4766,74377,6.40789491375022
"15","Karpatiosorbus devoniensis",4123,74377,5.54338034607473
"15","Cynoglossum pringlei",2672,74377,3.59250843674792
"15","Hydrophyllum fendleri",2213,74377,2.97538217459699
"15","Micromeles japonica",2106,74377,2.83152049692781
"15","Hedlundia austriaca",2045,74377,2.74950589563978
"15","Crataegus bipinnatifida",1888,74377,2.53841913494763
"15","Cirsium parryi",1638,74377,2.20229371983274
"15","Ribes rubrum",1620,74377,2.17809268994447
"15","Agastache pallidiflora",1437,74377,1.93204888608037
"15","Erigeron grandiflorus",1260,74377,1.69407209217903
"15","Taraxacum cucullatum",933,74377,1.25442004920876
"15","Mertensia ciliata",904,74377,1.21542950105543
"17","Lupinus argenteus",301593,469540,64.2315883630788
"17","Lupinus sericeus",128793,469540,27.4296119606423
"17","Mertensia ciliata",8987,469540,1.91400093708736
"17","Taraxacum officinale",4617,469540,0.983302807002598
"17","Erigeron grandiflorus",3778,469540,0.804617285002343
"17","Hydrophyllum canadense",3039,469540,0.647229203049793
"17","Populus alba",2383,469540,0.50751799633684
"17","Mertensia fusiformis",1797,469540,0.382714997657282
"17","Hydrophyllum capitatum",1592,469540,0.339055245559484
"17","Astragalus pelecinus",1537,469540,0.327341653533245
"17","Senecio tephrosioides",792,469540,0.168675725177834
"17","Taraxacum cucullatum",580,469540,0.123525152276696
"17","Hydrophyllum fendleri",572,469540,0.12182135707288
"17","Senecio funckii",563,469540,0.119904587468586
"17","Agastache pallidiflora",512,469540,0.109042893044256
"18","Lupinus argenteus",160507,588046,27.2949735224795
"18","Mertensia fusiformis",102535,588046,17.4365610853573
"18","Vaccinium vitis-idaea",89055,588046,15.1442234110937
"18","Populus alba",61979,588046,10.5398217146278
"18","Lupinus sericeus",58005,588046,9.8640242430014
"18","Mertensia ciliata",35762,588046,6.08149702574288
"18","Cynoglossum pringlei",10269,588046,1.74629195675168
"18","Gaultheria prostrata",7709,588046,1.31095186430993
"18","Hydrophyllum canadense",7518,588046,1.27847141210041
"18","Erigeron grandiflorus",6334,588046,1.07712661934611
"18","Cynoglossum anchusoides",6055,588046,1.0296813514589
"18","Cynoglossum amplifolium",4707,588046,0.800447584032542
"18","Senecio tephrosioides",3770,588046,0.641106308009918
"18","Epilobium canum",3538,588046,0.601653612132384
"18","Senecio funckii",2833,588046,0.481765031987294
"19","Hydrophyllum canadense",101079,141824,71.2707299187726
"19","Hydrophyllum fendleri",11234,141824,7.92108528880866
"19","Lathyrus lanszwertii",9072,141824,6.39666064981949
"19","Epilobium canum",4027,141824,2.83943479241877
"19","Lupinus argenteus",2447,141824,1.725377933213
"19","Chamaenerion angustifolium",1412,141824,0.995600180505415
"19","Nemophila menziesii",1216,141824,0.857400722021661
"19","Lupinus sericeus",1132,141824,0.79817238267148
"19","Pseudognaphalium attenuatum",837,141824,0.59016809566787
"19","Taraxacum officinale",769,141824,0.542221344765343
"19","Erigeron grandiflorus",757,141824,0.533760153429603
"19","Symphyotrichum foliaceum",738,141824,0.520363267148015
"19","Vaccinium vitis-idaea",656,141824,0.462545126353791
"19","Agastache pallidiflora",494,141824,0.3483190433213
"19","Arenaria globiflora",490,141824,0.345498646209386
"20","Mertensia ciliata",15434,48535,31.7997321520552
"20","Mertensia fusiformis",15386,48535,31.7008344493664
"20","Parnassia palustris",3811,48535,7.85206551972803
"20","Hydrophyllum fendleri",3119,48535,6.42629030596477
"20","Lupinus argenteus",2006,48535,4.13309982486865
"20","Erigeron grandiflorus",1530,48535,3.1523642732049
"20","Geum ternatum",831,48535,1.71216647779953
"20","Lupinus sericeus",829,48535,1.70804574018749
"20","Taraxacum officinale",753,48535,1.55145771093026
"20","Hydrophyllum canadense",705,48535,1.45256000824148
"20","Epilobium canum",663,48535,1.36602451838879
"20","Symphyotrichum foliaceum",418,48535,0.861234160914804
"20","Cirsium parryi",405,48535,0.834449366436592
"20","Cynoglossum anchusoides",287,48535,0.591325847326671
"20","Cynoglossum pringlei",265,48535,0.545997733594313
"21","Hydrophyllum fendleri",17841,28285,63.0758352483649
"21","Hydrophyllum canadense",4249,28285,15.0220965175888
"21","Parnassia palustris",1761,28285,6.22591479582818
"21","Hydrophyllum capitatum",709,28285,2.50662895527665
"21","Erigeron grandiflorus",346,28285,1.22326321371752
"21","Taraxacum officinale",337,28285,1.19144422838961
"21","Lupinus sericeus",321,28285,1.13487714336221
"21","Geum ternatum",300,28285,1.06063284426374
"21","Mertensia fusiformis",299,28285,1.05709740144953
"21","Cirsium parryi",260,28285,0.919215131695245
"21","Symphyotrichum foliaceum",232,28285,0.820222732897295
"21","Lupinus argenteus",211,28285,0.745978433798833
"21","Mertensia ciliata",194,28285,0.685875905957221
"21","Epilobium canum",167,28285,0.590418949973484
"21","Nemophila menziesii",127,28285,0.449001237404985
"22","Parnassia palustris",5,32,15.625
"22","Delphinium nuttallianum",4,32,12.5
"22","Lupinus argenteus",4,32,12.5
"22","Mertensia ciliata",3,32,9.375
"22","Delphinium barbeyi",3,32,9.375
"22","Lupinus sericeus",2,32,6.25
"22","Hydrophyllum canadense",2,32,6.25
"22","Hydrophyllum fendleri",2,32,6.25
"22","Mertensia fusiformis",1,32,3.125
"22","Symphyotrichum foliaceum",1,32,3.125
"22","Cirsium parryi",1,32,3.125
"22","Taraxacum officinale",1,32,3.125
"22","Helianthella quinquenervis",1,32,3.125
"22","Heterotheca villosa",1,32,3.125
"22","Erigeron grandiflorus",1,32,3.125
"23","Delphinium barbeyi",38912,66752,58.2933844678811
"23","Delphinium nuttallianum",11475,66752,17.1904961649089
"23","Delphinium gracile",6116,66752,9.16227229146692
"23","Viola odorata",3796,66752,5.68672099712368
"23","Trollius europaeus",552,66752,0.826941514860978
"23","Caltha palustris",525,66752,0.786493288590604
"23","Potentilla pulcherrima",498,66752,0.74604506232023
"23","Lithophragma parviflorum",482,66752,0.722075743048897
"23","Aquilegia ecalcarata",367,66752,0.549796260786194
"23","Thalictrum tuberosum",275,66752,0.411972674976031
"23","Arenaria globiflora",271,66752,0.405980345158197
"23","Cynoglossum amplifolium",249,66752,0.373022531160115
"23","Corydalis aitchisonii",245,66752,0.367030201342282
"23","Dasiphora fruticosa",202,66752,0.302612655800575
"23","Lupinus sericeus",191,66752,0.286133748801534
"24","Delphinium barbeyi",5159,11976,43.0778223112892
"24","Delphinium nuttallianum",3219,11976,26.8787575150301
"24","Delphinium gracile",1652,11976,13.7942551770207
"24","Taraxacum officinale",430,11976,3.59051436205745
"24","Trollius europaeus",166,11976,1.38610554442218
"24","Dasiphora fruticosa",150,11976,1.25250501002004
"24","Caltha palustris",147,11976,1.22745490981964
"24","Parnassia palustris",119,11976,0.993653974615898
"24","Aquilegia ecalcarata",96,11976,0.801603206412826
"24","Taraxacum cucullatum",85,11976,0.709752839011356
"24","Thalictrum tuberosum",61,11976,0.50935203740815
"24","Corydalis aitchisonii",59,11976,0.492651970607882
"24","Thalictrum thalictroides",54,11976,0.450901803607214
"24","Orthilia secunda",45,11976,0.375751503006012
"24","Helianthella quinquenervis",39,11976,0.32565130260521
"25","Delphinium barbeyi",24322,54192,44.8811632713316
"25","Delphinium nuttallianum",14397,54192,26.5666519043401
"25","Delphinium gracile",8440,54192,15.5742545025096
"25","Trollius europaeus",947,54192,1.74749040448775
"25","Caltha palustris",593,54192,1.0942574549749
"25","Taraxacum officinale",464,54192,0.856214939474461
"25","Aquilegia ecalcarata",411,54192,0.758414526129318
"25","Parnassia palustris",364,54192,0.671685857691172
"25","Thalictrum tuberosum",328,54192,0.605255388249188
"25","Dasiphora fruticosa",275,54192,0.507454974904045
"25","Thalictrum thalictroides",209,54192,0.385665780927074
"25","Mertensia fusiformis",208,54192,0.383820490109241
"25","Lupinus sericeus",201,54192,0.370903454384411
"25","Corydalis aitchisonii",160,54192,0.295246530853262
"25","Erigeron grandiflorus",158,54192,0.291555949217597
"26","Delphinium barbeyi",171592,388214,44.200363716919
"26","Delphinium nuttallianum",108988,388214,28.0742064943562
"26","Delphinium gracile",52942,388214,13.6373237441205
"26","Taraxacum officinale",8448,388214,2.17611935684957
"26","Trollius europaeus",6343,388214,1.63389264683911
"26","Caltha palustris",4126,388214,1.0628158695977
"26","Thalictrum tuberosum",2912,388214,0.750101748004966
"26","Aquilegia ecalcarata",2618,388214,0.674370321523696
"26","Hydrophyllum capitatum",2335,388214,0.601472383788323
"26","Thalictrum thalictroides",1921,388214,0.494830170988166
"26","Taraxacum cucullatum",1772,388214,0.45644927797555
"26","Dasiphora fruticosa",1464,388214,0.377111593090409
"26","Anemone chinensis",1346,388214,0.346715986543504
"26","Viola odorata",1023,388214,0.263514453368503
"26","Actaea heracleifolia",967,388214,0.249089419753023
"27","Delphinium barbeyi",25683,58001,44.2802710298098
"27","Delphinium nuttallianum",16430,58001,28.3270978086585
"27","Delphinium gracile",7556,58001,13.0273615972138
"27","Trollius europaeus",1288,58001,2.22065136807986
"27","Parnassia palustris",713,58001,1.22928915018707
"27","Thalictrum tuberosum",540,58001,0.931018430716712
"27","Caltha palustris",459,58001,0.791365666109205
"27","Thalictrum thalictroides",329,58001,0.567231599455182
"27","Hydrophyllum capitatum",313,58001,0.539645868174687
"27","Lupinus argenteus",295,58001,0.50861192048413
"27","Dasiphora fruticosa",285,58001,0.49137083843382
"27","Anemone chinensis",269,58001,0.463785107153325
"27","Aquilegia ecalcarata",263,58001,0.453440457923139
"27","Lupinus sericeus",260,58001,0.448268133308046
"27","Erigeron grandiflorus",235,58001,0.405165428182273
"28","Delphinium barbeyi",33236,71784,46.3000111445447
"28","Delphinium nuttallianum",19779,71784,27.5534938147777
"28","Delphinium gracile",10354,71784,14.4238270366656
"28","Trollius europaeus",939,71784,1.30809093948512
"28","Caltha palustris",721,71784,1.00440209517441
"28","Cynoglossum amplifolium",713,71784,0.993257550429065
"28","Thalictrum tuberosum",604,71784,0.84141312827371
"28","Aquilegia ecalcarata",379,71784,0.527972807310821
"28","Populus alba",345,71784,0.480608492143096
"28","Thalictrum thalictroides",338,71784,0.470857015490917
"28","Anemone chinensis",316,71784,0.440209517441213
"28","Dasiphora fruticosa",270,71784,0.376128385155466
"28","Erigeron grandiflorus",210,71784,0.292544299565363
"28","Berberis sibirica",188,71784,0.261896801515658
"28","Lupinus argenteus",185,71784,0.257717597236153
"29","Agastache pallidiflora",50501,201510,25.0612872810282
"29","Delphinium barbeyi",35781,201510,17.7564388864076
"29","Delphinium nuttallianum",12449,201510,6.17785717830381
"29","Delphinium gracile",7561,201510,3.75217110813359
"29","Helianthella quinquenervis",2908,201510,1.44310456056771
"29","Lupinus argenteus",2740,201510,1.3597340082378
"29","Campanula rotundifolia",2703,201510,1.34137263659372
"29","Phlox douglasii",2701,201510,1.34038013001836
"29","Populus alba",2676,201510,1.32797379782641
"29","Cynoglossum amplifolium",2432,201510,1.20688799563297
"29","Taraxacum officinale",2297,201510,1.13989380179644
"29","Lithophragma parviflorum",2205,201510,1.09423849933006
"29","Hydrophyllum canadense",2128,201510,1.05602699617885
"29","Osmorhiza aristata",2126,201510,1.05503448960349
"29","Campanula argaea",2107,201510,1.04560567713761
"3","Delphinium barbeyi",4681,16870,27.7474807350326
"3","Epilobium canum",4381,16870,25.9691760521636
"3","Delphinium nuttallianum",3306,16870,19.5969176052164
"3","Delphinium gracile",1059,16870,6.27741553052756
"3","Pseudognaphalium attenuatum",1045,16870,6.19442797866034
"3","Cynoglossum pringlei",413,16870,2.44813278008299
"3","Arenaria globiflora",246,16870,1.45820983995258
"3","Cirsium parryi",158,16870,0.936573799644339
"3","Karpatiosorbus devoniensis",98,16870,0.580912863070539
"3","Symphyotrichum foliaceum",97,16870,0.574985180794309
"3","Hydrophyllum canadense",89,16870,0.527563722584469
"3","Lupinus sericeus",84,16870,0.497925311203319
"3","Mertensia ciliata",82,16870,0.48606994665086
"3","Caltha palustris",78,16870,0.46235921754594
"3","Thalictrum thalictroides",69,16870,0.40901007705987
"30","Mertensia fusiformis",77561,282084,27.4957104975823
"30","Lupinus argenteus",49939,282084,17.7035918378923
"30","Mertensia ciliata",48791,282084,17.296620864707
"30","Delphinium barbeyi",29197,282084,10.3504629826576
"30","Delphinium nuttallianum",16705,282084,5.92199486677727
"30","Cynoglossum pringlei",12730,282084,4.5128401469066
"30","Delphinium gracile",9348,282084,3.31390649593738
"30","Erigeron grandiflorus",7517,282084,2.66480906396676
"30","Cynoglossum anchusoides",6452,282084,2.28726195034103
"30","Cynoglossum amplifolium",6103,282084,2.16353993845805
"30","Campanula rotundifolia",2441,282084,0.865345074516811
"30","Populus alba",2364,282084,0.838048240949504
"30","Trollius europaeus",1129,282084,0.400235390876477
"30","Arenaria globiflora",799,282084,0.283248961302307
"30","Caltha palustris",703,282084,0.249216545426185
"31","Lupinus argenteus",82900,186276,44.5038544954798
"31","Lupinus sericeus",36017,186276,19.3352874229638
"31","Delphinium barbeyi",9125,186276,4.89864502136615
"31","Viola odorata",9003,186276,4.83315080847774
"31","Vicia americana",8854,186276,4.7531619747042
"31","Delphinium nuttallianum",5905,186276,3.17002727136078
"31","Lithophragma parviflorum",3917,186276,2.10279370396616
"31","Campanula rotundifolia",2833,186276,1.52086151731839
"31","Delphinium gracile",2338,186276,1.25512680109085
"31","Mertensia ciliata",2262,186276,1.21432712748824
"31","Saxifraga x geum",1649,186276,0.88524554961455
"31","Crataegus bipinnatifida",1633,186276,0.87665614464558
"31","Agastache pallidiflora",1556,186276,0.835319633232408
"31","Hydrophyllum capitatum",1543,186276,0.828340741695119
"31","Arenaria globiflora",1542,186276,0.827803903884558
"32","Delphinium barbeyi",60571,134862,44.9133187999585
"32","Delphinium nuttallianum",36104,134862,26.7710696860494
"32","Delphinium gracile",18758,134862,13.909032937373
"32","Trollius europaeus",1902,134862,1.41033056012813
"32","Cynoglossum amplifolium",1638,134862,1.21457489878543
"32","Hydrophyllum canadense",1499,134862,1.11150657709362
"32","Caltha palustris",1328,134862,0.984710296451187
"32","Populus alba",1305,134862,0.967655825955421
"32","Thalictrum tuberosum",1010,134862,0.748913704379292
"32","Aquilegia ecalcarata",711,134862,0.527205587934333
"32","Dasiphora fruticosa",642,134862,0.476042176447035
"32","Thalictrum thalictroides",636,134862,0.471593184143791
"32","Hydrophyllum fendleri",553,134862,0.410048790615592
"32","Anemone chinensis",546,134862,0.404858299595142
"32","Taraxacum officinale",461,134862,0.341830908632528
"33","Delphinium barbeyi",46,199,23.1155778894472
"33","Delphinium nuttallianum",46,199,23.1155778894472
"33","Populus alba",20,199,10.0502512562814
"33","Thalictrum tuberosum",16,199,8.04020100502512
"33","Mertensia ciliata",14,199,7.03517587939699
"33","Symphyotrichum foliaceum",10,199,5.0251256281407
"33","Lupinus argenteus",8,199,4.02010050251256
"33","Aquilegia ecalcarata",5,199,2.51256281407035
"33","Hydrophyllum fendleri",5,199,2.51256281407035
"33","Hydrophyllum canadense",4,199,2.01005025125628
"33","Viola odorata",4,199,2.01005025125628
"33","Lithophragma parviflorum",3,199,1.50753768844221
"33","Mertensia fusiformis",3,199,1.50753768844221
"33","Ipomopsis aggregata",3,199,1.50753768844221
"33","Delphinium gracile",3,199,1.50753768844221
"35","Delphinium barbeyi",85764,186040,46.0997634917222
"35","Delphinium nuttallianum",52561,186040,28.2525263384218
"35","Delphinium gracile",22507,186040,12.0979359277575
"35","Viola odorata",2981,186040,1.60234358202537
"35","Trollius europaeus",2376,186040,1.2771447000645
"35","Dasiphora fruticosa",1655,186040,0.889593635777252
"35","Caltha palustris",1498,186040,0.805203182111374
"35","Mertensia fusiformis",1487,186040,0.799290475166631
"35","Aquilegia ecalcarata",1169,186040,0.62835949258224
"35","Hydrophyllum canadense",1080,186040,0.580520318211137
"35","Lupinus argenteus",994,186040,0.53429370027951
"35","Thalictrum tuberosum",981,186040,0.52730595570845
"35","Mertensia ciliata",800,186040,0.430015050526768
"35","Thalictrum thalictroides",740,186040,0.397763921737261
"35","Anemone chinensis",714,186040,0.383788432595141
"36","Delphinium nuttallianum",14722,56427,26.0903468197849
"36","Delphinium barbeyi",8677,56427,15.3773902564375
"36","Lupinus argenteus",6828,56427,12.1005901430166
"36","Lupinus sericeus",6657,56427,11.7975437290659
"36","Hydrophyllum fendleri",3881,56427,6.87791305580662
"36","Mertensia ciliata",3268,56427,5.7915536888369
"36","Erigeron grandiflorus",1557,56427,2.75931734807805
"36","Cynoglossum amplifolium",1242,56427,2.20107395395821
"36","Populus alba",1191,56427,2.11069169014833
"36","Taraxacum officinale",1102,56427,1.95296577879384
"36","Epilobium canum",806,56427,1.42839420844631
"36","Hydrophyllum canadense",735,56427,1.30256791961295
"36","Cirsium parryi",705,56427,1.24940188207773
"36","Delphinium gracile",610,56427,1.08104276321619
"36","Mertensia fusiformis",574,56427,1.01724351817392
"38","Hydrophyllum canadense",91457,141707,64.5395075754903
"38","Hydrophyllum fendleri",35190,141707,24.8329299187761
"38","Lathyrus lanszwertii",2731,141707,1.92721601614599
"38","Nemophila menziesii",1441,141707,1.01688695688992
"38","Symphyotrichum foliaceum",1051,141707,0.741671194789248
"38","Taraxacum officinale",910,141707,0.642170111568236
"38","Hydrophyllum capitatum",810,141707,0.571601967439858
"38","Cynoglossum amplifolium",747,141707,0.52714403663898
"38","Populus alba",662,141707,0.46716111412986
"38","Erigeron grandiflorus",597,141707,0.421291820446414
"38","Mertensia fusiformis",582,141707,0.410706598827157
"38","Mertensia ciliata",419,141707,0.295680523897902
"38","Lupinus argenteus",407,141707,0.287212346602497
"38","Chamaenerion angustifolium",379,141707,0.267453266246551
"38","Cirsium parryi",339,141707,0.2392260085952
"39","Delphinium barbeyi",43284,96996,44.6245205987876
"39","Delphinium nuttallianum",27134,96996,27.9743494577096
"39","Delphinium gracile",12847,96996,13.244876077364
"39","Hydrophyllum canadense",1544,96996,1.59181821930801
"39","Trollius europaeus",1452,96996,1.49696894717308
"39","Caltha palustris",862,96996,0.888696441090354
"39","Thalictrum tuberosum",783,96996,0.807249783496227
"39","Aquilegia ecalcarata",697,96996,0.71858633345705
"39","Dasiphora fruticosa",478,96996,0.492803826961937
"39","Taraxacum officinale",429,96996,0.442286279846592
"39","Hydrophyllum fendleri",426,96996,0.439193368798713
"39","Lupinus sericeus",419,96996,0.431976576353664
"39","Thalictrum thalictroides",409,96996,0.421666872860737
"39","Erigeron grandiflorus",342,96996,0.352591859458122
"39","Agastache pallidiflora",328,96996,0.338158274568023
"4","Delphinium barbeyi",72446,166655,43.4706429450061
"4","Delphinium nuttallianum",48259,166655,28.9574270198914
"4","Delphinium gracile",24639,166655,14.7844349104437
"4","Symphyotrichum foliaceum",2995,166655,1.79712579880592
"4","Trollius europaeus",2473,166655,1.48390387327113
"4","Caltha palustris",1676,166655,1.00567039692778
"4","Thalictrum tuberosum",1316,166655,0.789655275869311
"4","Aquilegia ecalcarata",1118,166655,0.67084695928715
"4","Thalictrum thalictroides",950,166655,0.570039902793195
"4","Viola odorata",770,166655,0.462032342263958
"4","Dasiphora fruticosa",627,166655,0.376226335843509
"4","Cynoglossum amplifolium",470,166655,0.282019741381897
"4","Helianthella quinquenervis",439,166655,0.26341843929075
"4","Arenaria globiflora",416,166655,0.249617473223126
"4","Anemone chinensis",411,166655,0.246617263208425
"40","Aquilegia ecalcarata",355254,704500,50.4264017033357
"40","Lupinus argenteus",108419,704500,15.3894960965224
"40","Hydrophyllum canadense",82143,704500,11.6597586941093
"40","Lupinus sericeus",49951,704500,7.0902767920511
"40","Hydrophyllum fendleri",18924,704500,2.686160397445
"40","Vicia americana",16652,704500,2.36366217175302
"40","Taraxacum officinale",10436,704500,1.48133427963094
"40","Thalictrum tuberosum",6261,704500,0.888715400993612
"40","Viola odorata",5856,704500,0.831227821149752
"40","Thalictrum thalictroides",5006,704500,0.710574875798439
"40","Delphinium barbeyi",4630,704500,0.657203690560681
"40","Mertensia ciliata",3791,704500,0.538112136266856
"40","Delphinium nuttallianum",3273,704500,0.46458481192335
"40","Erigeron grandiflorus",2861,704500,0.40610361958836
"40","Symphyotrichum foliaceum",2380,704500,0.337828246983676
"41","Mertensia fusiformis",155213,465275,33.3594111009618
"41","Mertensia ciliata",110749,465275,23.8029122561926
"41","Lupinus argenteus",91466,465275,19.6584815431734
"41","Cynoglossum pringlei",22166,465275,4.76406426307023
"41","Erigeron grandiflorus",14804,465275,3.18177421954758
"41","Cynoglossum anchusoides",13465,465275,2.89398742679061
"41","Cynoglossum amplifolium",11075,465275,2.38031271828489
"41","Hydrophyllum canadense",9011,465275,1.93670409972597
"41","Viola odorata",6725,465275,1.44538176347321
"41","Lithophragma parviflorum",4939,465275,1.06152275535973
"41","Hydrophyllum fendleri",4659,465275,1.00134329160174
"41","Campanula rotundifolia",4227,465275,0.908494976089409
"41","Taraxacum officinale",3189,465275,0.68540110687228
"41","Lupinus sericeus",1830,465275,0.393315780989737
"41","Epilobium canum",1222,465275,0.262640373972382
"42","Delphinium barbeyi",19980,64883,30.7938905414361
"42","Delphinium nuttallianum",15563,64883,23.9862521769955
"42","Delphinium gracile",4772,64883,7.35477706024691
"42","Arenaria globiflora",2036,64883,3.13795601313133
"42","Mertensia fusiformis",2007,64883,3.09326017600912
"42","Holodiscus argenteus",1577,64883,2.43052879799023
"42","Scabrethia scabra",1445,64883,2.22708567729606
"42","Sagina procumbens",1343,64883,2.06987962948692
"42","Rhodiola rosea",1053,64883,1.62292125826488
"42","Geum ternatum",974,64883,1.50116363300094
"42","Mertensia ciliata",955,64883,1.47188015350708
"42","Epilobium canum",898,64883,1.38402971502551
"42","Minuartia recurva",696,64883,1.07270009093291
"42","Erigeron grandiflorus",663,64883,1.02183931075937
"42","Lupinus argenteus",646,64883,0.995638302791178
"43","Mertensia ciliata",48329,113944,42.4146949378642
"43","Mertensia fusiformis",25975,113944,22.7962858948255
"43","Hydrophyllum fendleri",11728,113944,10.2927753984413
"43","Lupinus argenteus",5472,113944,4.80235905357017
"43","Erigeron grandiflorus",3974,113944,3.4876781576915
"43","Epilobium canum",3260,113944,2.86105455311381
"43","Hydrophyllum canadense",2346,113944,2.05890612932669
"43","Lupinus sericeus",1910,113944,1.67626202345012
"43","Taraxacum officinale",1334,113944,1.17075054412694
"43","Cynoglossum pringlei",861,113944,0.755634346696623
"43","Cirsium parryi",838,113944,0.735448992487538
"43","Symphyotrichum foliaceum",808,113944,0.709120269606122
"43","Cynoglossum anchusoides",673,113944,0.590641016639753
"43","Agastache pallidiflora",662,113944,0.580987151583234
"43","Cynoglossum amplifolium",617,113944,0.541494067261111
"44","Delphinium barbeyi",49565,215463,23.0039496340439
"44","Mertensia ciliata",47165,215463,21.8900692926396
"44","Delphinium nuttallianum",33866,215463,15.7177798508329
"44","Mertensia fusiformis",26976,215463,12.5200150373846
"44","Delphinium gracile",12683,215463,5.88639348751294
"44","Epilobium canum",6733,215463,3.12489847444805
"44","Lupinus argenteus",5601,215463,2.59951824675234
"44","Erigeron grandiflorus",4438,215463,2.05975039798016
"44","Lupinus sericeus",2207,215463,1.02430579728306
"44","Taraxacum officinale",1458,215463,0.676682307403127
"44","Trollius europaeus",1434,215463,0.665543503989084
"44","Pseudognaphalium attenuatum",1360,215463,0.631198860129117
"44","Cirsium parryi",1273,215463,0.590820697753211
"44","Cynoglossum pringlei",1211,215463,0.562045455600266
"44","Caltha palustris",1041,215463,0.483145598084126
"45","Populus alba",23,96,23.9583333333333
"45","Lupinus argenteus",14,96,14.5833333333333
"45","Hydrophyllum fendleri",9,96,9.375
"45","Mertensia ciliata",8,96,8.33333333333333
"45","Odontostemma leucasterium",7,96,7.29166666666667
"45","Erigeron grandiflorus",7,96,7.29166666666667
"45","Mertensia fusiformis",3,96,3.125
"45","Symphyotrichum foliaceum",3,96,3.125
"45","Agastache pallidiflora",3,96,3.125
"45","Taraxacum officinale",3,96,3.125
"45","Heterotheca villosa",3,96,3.125
"45","Lupinus sericeus",2,96,2.08333333333333
"45","Hydrophyllum canadense",2,96,2.08333333333333
"45","Cynoglossum pringlei",1,96,1.04166666666667
"45","Delphinium barbeyi",1,96,1.04166666666667
"46","Populus alba",697843,865021,80.6735327812851
"46","Mertensia fusiformis",50588,865021,5.84818172044378
"46","Mertensia ciliata",19883,865021,2.29855691364718
"46","Lupinus argenteus",16336,865021,1.88850906509784
"46","Hydrophyllum canadense",12924,865021,1.49406777407716
"46","Hydrophyllum fendleri",8129,865021,0.939745971485085
"46","Erigeron grandiflorus",4293,865021,0.496288529411425
"46","Cynoglossum pringlei",3826,865021,0.442301400775241
"46","Cynoglossum anchusoides",2699,865021,0.312015546443381
"46","Cynoglossum amplifolium",2506,865021,0.289703949383888
"46","Lupinus sericeus",2355,865021,0.272247725777756
"46","Epilobium canum",2084,865021,0.240919006590591
"46","Taraxacum officinale",2031,865021,0.234791987708969
"46","Arenaria globiflora",1872,865021,0.216410931064101
"46","Symphyotrichum foliaceum",1620,865021,0.187278690343934
"49","Delphinium barbeyi",29330,51626,56.8124588385697
"49","Delphinium nuttallianum",9025,51626,17.4815015689769
"49","Delphinium gracile",4484,51626,8.68554604269167
"49","Viola odorata",3948,51626,7.64730949521559
"49","Lithophragma parviflorum",452,51626,0.875527834811917
"49","Arenaria globiflora",432,51626,0.836787665129973
"49","Trollius europaeus",384,51626,0.74381125789331
"49","Vicia americana",364,51626,0.705071088211366
"49","Caltha palustris",278,51626,0.538488358579011
"49","Aquilegia ecalcarata",194,51626,0.375779645914849
"49","Epilobium canum",181,51626,0.350598535621586
"49","Thalictrum thalictroides",175,51626,0.338976484717003
"49","Erigeron grandiflorus",157,51626,0.304110332003254
"49","Thalictrum tuberosum",141,51626,0.2731181962577
"49","Cynoglossum amplifolium",140,51626,0.271181187773602
"51","Delphinium barbeyi",25209,51748,48.714926180722
"51","Delphinium nuttallianum",11957,51748,23.1062070031692
"51","Delphinium gracile",5578,51748,10.7791605472675
"51","Viola odorata",3341,51748,6.45628816572621
"51","Lithophragma parviflorum",556,51748,1.07443765942645
"51","Trollius europaeus",453,51748,0.875396150575868
"51","Caltha palustris",413,51748,0.798098477235835
"51","Helianthella quinquenervis",309,51748,0.597124526551751
"51","Dasiphora fruticosa",282,51748,0.544948597047229
"51","Aquilegia ecalcarata",238,51748,0.459921156373193
"51","Thalictrum tuberosum",222,51748,0.42900208703718
"51","Arenaria globiflora",216,51748,0.417407436036175
"51","Cynoglossum amplifolium",208,51748,0.401947901368169
"51","Thalictrum thalictroides",196,51748,0.378758599366159
"51","Anemone chinensis",139,51748,0.268609414856613
"52","Lupinus argenteus",45605,128442,35.5062985627754
"52","Lupinus sericeus",27384,128442,21.3201289297893
"52","Mertensia ciliata",10263,128442,7.99037697949269
"52","Arenaria globiflora",3315,128442,2.58093147101415
"52","Delphinium barbeyi",2890,128442,2.25004282088413
"52","Scabrethia scabra",2815,128442,2.19165070615531
"52","Mertensia fusiformis",2674,128442,2.08187353046511
"52","Delphinium nuttallianum",2632,128442,2.04917394621697
"52","Erigeron grandiflorus",2504,128442,1.9495180704131
"52","Holodiscus argenteus",2138,128442,1.66456455053643
"52","Sagina procumbens",1727,128442,1.34457576182246
"52","Epilobium canum",1685,128442,1.31187617757431
"52","Rhodiola rosea",1603,128442,1.24803413213746
"52","Hydrophyllum canadense",1557,128442,1.21222030177045
"52","Agastache pallidiflora",1553,128442,1.20910605565158
"54","Hydrophyllum canadense",8647,46804,18.4749166737886
"54","Hydrophyllum fendleri",7316,46804,15.6311426373814
"54","Lupinus argenteus",3603,46804,7.69805999487223
"54","Arenaria globiflora",2981,46804,6.36911375096146
"54","Holodiscus argenteus",2698,46804,5.76446457567729
"54","Sagina procumbens",2367,46804,5.05726006324246
"54","Lupinus sericeus",2103,46804,4.49320570891377
"54","Scabrethia scabra",1776,46804,3.79454747457482
"54","Minuartia recurva",1465,46804,3.13007435261943
"54","Geum ternatum",1350,46804,2.88436885736262
"54","Rhodiola rosea",959,46804,2.04897017348945
"54","Stellaria holostea",943,46804,2.01478506110589
"54","Epilobium canum",921,46804,1.9677805315785
"54","Symphyotrichum foliaceum",916,46804,1.95709768395864
"54","Mertensia ciliata",721,46804,1.54046662678404
"55","Mertensia fusiformis",171249,459295,37.285187080199
"55","Lupinus argenteus",69708,459295,15.1771737118845
"55","Mertensia ciliata",50459,459295,10.9861853492853
"55","Delphinium barbeyi",38965,459295,8.4836542962584
"55","Delphinium nuttallianum",23212,459295,5.05383250416399
"55","Hydrophyllum canadense",19350,459295,4.21297858674708
"55","Cynoglossum pringlei",15992,459295,3.481858065078
"55","Cynoglossum anchusoides",9915,459295,2.1587432913487
"55","Delphinium gracile",9325,459295,2.03028554632644
"55","Cynoglossum amplifolium",9098,459295,1.9808619732416
"55","Lupinus sericeus",8490,459295,1.8484851783712
"55","Erigeron grandiflorus",7667,459295,1.66929751031472
"55","Hydrophyllum fendleri",3358,459295,0.73112052166908
"55","Populus alba",2146,459295,0.467237831894534
"55","Campanula rotundifolia",2022,459295,0.440239932940703
"56","Hydrophyllum canadense",87597,238216,36.7720891963596
"56","Lupinus argenteus",73459,238216,30.8371394028949
"56","Lupinus sericeus",32940,238216,13.8277865466635
"56","Hydrophyllum fendleri",21700,238216,9.10937972260469
"56","Mertensia ciliata",2249,238216,0.944101151895758
"56","Lathyrus lanszwertii",2179,238216,0.914716056016389
"56","Symphyotrichum foliaceum",2024,238216,0.849649057997784
"56","Erigeron grandiflorus",1934,238216,0.811868220438594
"56","Nemophila menziesii",1522,238216,0.638915941834302
"56","Taraxacum officinale",1142,238216,0.479396849917722
"56","Arenaria globiflora",680,238216,0.28545521711388
"56","Agastache pallidiflora",588,238216,0.246834805386708
"56","Mertensia fusiformis",546,238216,0.229203747859086
"56","Hydrophyllum capitatum",528,238216,0.221647580347248
"56","Scabrethia scabra",413,238216,0.173372065688283
"6","Delphinium barbeyi",28089,67309,41.7314177895972
"6","Delphinium nuttallianum",18261,67309,27.1301014723143
"6","Delphinium gracile",8231,67309,12.2286766999955
"6","Symphyotrichum foliaceum",3684,67309,5.47326509084966
"6","Trollius europaeus",751,67309,1.11574975114769
"6","Caltha palustris",720,67309,1.06969350309765
"6","Thalictrum tuberosum",452,67309,0.671529810277972
"6","Aquilegia ecalcarata",441,67309,0.655187270647313
"6","Dasiphora fruticosa",438,67309,0.650730214384406
"6","Hydrophyllum capitatum",405,67309,0.60170259549243
"6","Hydrophyllum canadense",368,67309,0.546732234916579
"6","Lupinus sericeus",349,67309,0.518504211918168
"6","Erigeron grandiflorus",323,67309,0.479876390972975
"6","Taraxacum officinale",312,67309,0.463533851342317
"6","Thalictrum thalictroides",301,67309,0.447191311711658
"60","Lupinus argenteus",66600,203085,32.7941502326612
"60","Hydrophyllum canadense",52450,203085,25.8266243198661
"60","Lupinus sericeus",33638,203085,16.5635078907846
"60","Hydrophyllum fendleri",26463,203085,13.0305044685723
"60","Mertensia ciliata",6834,203085,3.36509343378388
"60","Aquilegia ecalcarata",2031,203085,1.00007386069872
"60","Erigeron grandiflorus",1778,203085,0.875495482187262
"60","Lathyrus lanszwertii",1517,203085,0.746977866410616
"60","Viola odorata",1034,203085,0.5091464165251
"60","Hydrophyllum capitatum",888,203085,0.437255336435483
"60","Nemophila menziesii",869,203085,0.427899647930669
"60","Taraxacum officinale",845,203085,0.416081936135116
"60","Symphyotrichum foliaceum",805,203085,0.396385749809193
"60","Vicia americana",423,203085,0.208287170396632
"60","Cynoglossum amplifolium",401,203085,0.197454267917375
"65","Mertensia ciliata",45750,128021,35.7363245092602
"65","Mertensia fusiformis",25958,128021,20.2763609095383
"65","Hydrophyllum fendleri",10493,128021,8.19631154263753
"65","Viola odorata",9929,128021,7.75575882081846
"65","Lupinus argenteus",5251,128021,4.10167081963115
"65","Erigeron grandiflorus",4136,128021,3.23071996000656
"65","Cynoglossum amplifolium",3913,128021,3.05652978808164
"65","Populus alba",2929,128021,2.28790589043985
"65","Hydrophyllum canadense",1937,128021,1.51303301802048
"65","Lupinus sericeus",1854,128021,1.44819990470313
"65","Taraxacum officinale",1564,128021,1.22167456901602
"65","Symphyotrichum foliaceum",1317,128021,1.02873747275838
"65","Ribes rubrum",1301,128021,1.01623952320322
"65","Epilobium canum",1259,128021,0.983432405620953
"65","Lithophragma parviflorum",1111,128021,0.867826372235805
"9","Delphinium barbeyi",29693,80891,36.7074210975263
"9","Delphinium nuttallianum",19805,80891,24.48356430258
"9","Hydrophyllum capitatum",10287,80891,12.7171131522666
"9","Delphinium gracile",8956,80891,11.0716890630602
"9","Vicia americana",3501,80891,4.32804638340483
"9","Hydrophyllum canadense",1335,80891,1.65036901509439
"9","Symphyotrichum foliaceum",902,80891,1.11508078772669
"9","Trollius europaeus",775,80891,0.958079390785131
"9","Caltha palustris",699,80891,0.864125798914589
"9","Thalictrum tuberosum",476,80891,0.588446180662867
"9","Aquilegia ecalcarata",335,80891,0.414137543113573
"9","Thalictrum thalictroides",290,80891,0.358507126874436
"9","Hydrophyllum fendleri",271,80891,0.335018728906801
"9","Dasiphora fruticosa",243,80891,0.300404247691338
"9","Arenaria globiflora",202,80891,0.249718757340124
